{
  "IcoMoonType": "selection",
  "icons": [
    {
      "icon": {
        "paths": [
          "M716.8 102.4v870.4l-204.8-204.8-204.8 204.8v-870.4c0-28.314 29.952-52.224 51.2-51.2h307.2c35.277-1.024 51.2 22.886 51.2 51.2z"
        ],
        "attrs": [],
        "isMulticolor": false,
        "isMulticolor2": false,
        "tags": [
          "bookmark"
        ],
        "grid": 20
      },
      "attrs": [],
      "properties": {
        "id": 32,
        "order": 3,
        "prevSize": 20,
        "name": "bookmark"
      },
      "setIdx": 0,
      "setId": 2,
      "iconIdx": 31
    },
    {
      "icon": {
        "paths": [
          "M678.4 512l-365.619-379.904c-13.722-13.824-13.722-36.198 0-50.125 13.722-13.824 35.891-13.824 49.613 0l400.896 404.89c13.722 13.875 13.722 36.301 0 50.125l-400.896 404.89c-13.722 13.875-35.891 13.824-49.613 0-13.722-13.773-13.722-36.198 0-50.125l365.619-379.75z"
        ],
        "attrs": [],
        "isMulticolor": false,
        "isMulticolor2": false,
        "tags": [
          "chevron-thin-right"
        ],
        "grid": 20
      },
      "attrs": [],
      "properties": {
        "id": 43,
        "order": 9,
        "prevSize": 20,
        "name": "chevron-thin-right"
      },
      "setIdx": 0,
      "setId": 2,
      "iconIdx": 42
    },
    {
      "icon": {
        "paths": [
          "M1017.344 330.394c6.093 13.158 6.502 66.048-250.061 186.47l-251.546 118.067c-87.552 41.114-214.579 95.181-270.592 110.131-39.219 10.445-76.646-16.179-76.646-16.179s-112.947-101.12-142.95-123.853c-29.952-22.733-27.392-34.304 11.008-46.592 23.91-7.629 160.256 25.242 218.368 39.936 68.557-40.96 131.174-76.083 160.819-92.058-71.475-52.89-205.21-151.654-247.859-181.76-40.909-28.928 0.512-39.322 0.512-39.322 18.842-5.069 59.494-11.674 79.974-7.373 139.315 29.133 371.866 106.035 389.683 111.923 42.598-22.323 108.954-55.91 149.606-75.008 106.24-49.869 221.542-1.894 229.683 15.616z"
        ],
        "attrs": [],
        "isMulticolor": false,
        "isMulticolor2": false,
        "tags": [
          "aircraft-take-off"
        ],
        "grid": 20
      },
      "attrs": [],
      "properties": {
        "id": 93,
        "order": 10,
        "prevSize": 20,
        "name": "aircraft-take-off"
      },
      "setIdx": 0,
      "setId": 2,
      "iconIdx": 92
    },
    {
      "icon": {
        "paths": [
          "M563.2 92.109c-227.584 0-412.723 182.374-418.253 409.395v10.496h-121.446l184.013 199.373 178.893-199.373h-136.806v-10.496c5.478-169.114 143.77-304.384 313.6-304.384 173.363 0 313.907 141.005 313.907 314.88s-140.544 314.88-313.907 314.88c-69.478 0-133.683-22.784-185.702-61.082l-71.987 77.005c71.066 55.706 160.512 88.986 257.69 88.986 231.168 0 418.509-187.904 418.509-419.789s-187.341-419.891-418.509-419.891zM512 256v256c0 6.656 1.382 13.312 3.942 19.558 2.611 6.246 6.349 11.93 11.059 16.64l163.84 163.84c14.49-9.37 28.16-19.917 40.294-32.154l-116.736-116.685v-307.2h-102.4z"
        ],
        "attrs": [],
        "isMulticolor": false,
        "isMulticolor2": false,
        "tags": [
          "back-in-time"
        ],
        "grid": 20
      },
      "attrs": [],
      "properties": {
        "id": 105,
        "order": 26,
        "prevSize": 20,
        "name": "back-in-time"
      },
      "setIdx": 0,
      "setId": 2,
      "iconIdx": 104
    },
    {
      "icon": {
        "paths": [
          "M870.4 51.2h-102.4c-28.262 0-51.2 22.886-51.2 51.2v869.99h204.8v-869.99c0-28.314-22.886-51.2-51.2-51.2zM563.2 358.4h-102.4c-28.262 0-51.2 22.886-51.2 51.2v562.79h204.8v-562.79c0-28.314-22.886-51.2-51.2-51.2zM256 665.6h-102.4c-28.262 0-51.2 22.886-51.2 51.2v255.59h204.8v-255.59c0-28.314-22.886-51.2-51.2-51.2z"
        ],
        "attrs": [],
        "isMulticolor": false,
        "isMulticolor2": false,
        "tags": [
          "bar-graph"
        ],
        "grid": 20
      },
      "attrs": [],
      "properties": {
        "id": 107,
        "order": 25,
        "prevSize": 20,
        "name": "bar-graph"
      },
      "setIdx": 0,
      "setId": 2,
      "iconIdx": 106
    },
    {
      "icon": {
        "paths": [
          "M870.4 153.6h-51.2v102.4h-153.6v-102.4h-307.2v102.4h-153.6v-102.4h-51.2c-56.371 0-102.4 46.080-102.4 102.4v614.4c0 56.32 46.029 102.4 102.4 102.4h716.8c56.32 0 102.4-46.080 102.4-102.4v-614.4c0-56.32-46.080-102.4-102.4-102.4zM870.4 870.4h-716.8v-409.6h716.8v409.6zM332.8 51.2h-102.4v179.2h102.4v-179.2zM793.6 51.2h-102.4v179.2h102.4v-179.2z"
        ],
        "attrs": [],
        "isMulticolor": false,
        "isMulticolor2": false,
        "tags": [
          "calendar"
        ],
        "grid": 20
      },
      "attrs": [],
      "properties": {
        "id": 122,
        "order": 27,
        "prevSize": 20,
        "name": "calendar"
      },
      "setIdx": 0,
      "setId": 2,
      "iconIdx": 121
    },
    {
      "icon": {
        "paths": [
          "M296.96 624.64v-317.44h-194.56c-56.32 0-102.4 46.080-102.4 102.4v307.2c0 56.32 46.080 102.4 102.4 102.4h51.2v153.6l153.6-153.6h256c56.32 0 102.4-46.080 102.4-102.4v-93.184c-3.277 0.717-6.758 1.075-10.24 1.075l-358.4-0.051zM921.6 51.2h-460.8c-56.32 0-102.4 46.080-102.4 102.4v409.6h358.4l153.6 153.6v-153.6h51.2c56.32 0 102.4-46.029 102.4-102.4v-307.2c0-56.32-46.080-102.4-102.4-102.4z"
        ],
        "attrs": [],
        "isMulticolor": false,
        "isMulticolor2": false,
        "tags": [
          "chat"
        ],
        "grid": 20
      },
      "attrs": [],
      "properties": {
        "id": 125,
        "order": 5,
        "prevSize": 20,
        "name": "chat"
      },
      "setIdx": 0,
      "setId": 2,
      "iconIdx": 124
    },
    {
      "icon": {
        "paths": [
          "M956.006 563.2h-85.606v307.2c0 22.784-9.933 51.2-51.2 51.2h-204.8v-307.2h-204.8v307.2h-204.8c-41.267 0-51.2-28.416-51.2-51.2v-307.2h-85.606c-30.618 0-24.064-16.589-3.072-38.298l410.829-411.238c9.984-10.342 23.091-15.462 36.25-15.974 13.158 0.512 26.266 5.581 36.25 15.974l410.778 411.187c21.043 21.76 27.597 38.349-3.021 38.349z"
        ],
        "attrs": [],
        "isMulticolor": false,
        "isMulticolor2": false,
        "tags": [
          "home"
        ],
        "grid": 20
      },
      "attrs": [],
      "properties": {
        "id": 185,
        "order": 11,
        "prevSize": 20,
        "name": "home"
      },
      "setIdx": 0,
      "setId": 2,
      "iconIdx": 184
    },
    {
      "icon": {
        "paths": [
          "M512 20.48c-271.514 0-491.571 220.058-491.571 491.52 0 271.514 220.058 491.571 491.571 491.571 271.411 0 491.52-220.058 491.52-491.571 0-271.462-220.109-491.52-491.52-491.52zM557.875 197.939c47.923 0 62.003 27.802 62.003 59.597 0 39.68-31.744 76.39-85.965 76.39-45.363 0-66.97-22.784-65.638-60.518 0-31.795 26.573-75.469 89.6-75.469zM435.098 806.4c-32.768 0-56.678-19.917-33.792-107.213l37.53-154.88c6.502-24.781 7.578-34.714 0-34.714-9.779 0-52.326 17.101-77.414 33.997l-16.333-26.778c79.616-66.509 171.162-105.523 210.33-105.523 32.768 0 38.195 38.707 21.862 98.304l-43.008 162.816c-7.629 28.774-4.352 38.707 3.277 38.707 9.83 0 41.984-11.878 73.626-36.813l18.534 24.883c-77.466 77.414-161.894 107.213-194.611 107.213z"
        ],
        "attrs": [],
        "isMulticolor": false,
        "isMulticolor2": false,
        "tags": [
          "info-with-circle"
        ],
        "grid": 20
      },
      "attrs": [],
      "properties": {
        "id": 192,
        "order": 29,
        "prevSize": 20,
        "name": "info-with-circle"
      },
      "setIdx": 0,
      "setId": 2,
      "iconIdx": 191
    },
    {
      "icon": {
        "paths": [
          "M905.779 241.92c-25.754-152.422-164.864-254.31-310.733-227.379-145.92 26.88-269.107 144.179-243.354 296.704 5.478 32.819 20.89 84.173 39.066 121.088l-264.96 395.418c-9.779 14.592-15.309 40.909-12.39 58.419l17.050 100.915c2.97 17.51 19.046 29.286 35.84 26.317l77.619-14.387c16.794-3.021 38.093-17.818 47.309-32.717l104.806-169.523 0.922-1.126 70.963-13.107 122.368-198.605c40.192 7.117 97.894 4.71 131.994-1.587 145.818-26.931 209.254-187.904 183.501-340.429zM776.499 320.102c-40.141 59.904-81.101 17.715-138.394-24.32-57.293-41.882-109.312-67.686-69.222-127.59 40.141-59.904 119.091-74.496 176.486-32.512 57.344 41.933 71.219 124.518 31.13 184.422z"
        ],
        "attrs": [],
        "isMulticolor": false,
        "isMulticolor2": false,
        "tags": [
          "key"
        ],
        "grid": 20
      },
      "attrs": [],
      "properties": {
        "id": 194,
        "order": 12,
        "prevSize": 20,
        "name": "key"
      },
      "setIdx": 0,
      "setId": 2,
      "iconIdx": 193
    },
    {
      "icon": {
        "paths": [
          "M991.59 926.822l-69.99-210.022h-76.8l42.65 204.8h-750.899l42.65-204.8h-76.8l-70.042 210.022c-17.766 53.453 13.722 97.178 70.042 97.178h819.2c56.32 0 87.808-43.725 69.99-97.178zM768 256c0-141.363-114.586-256-256-256s-256 114.637-256 256c0 244.48 256 512 256 512s256-267.52 256-512zM373.76 259.072c0-76.339 61.85-138.189 138.24-138.189s138.24 61.85 138.24 138.189c0 76.39-61.901 138.24-138.24 138.24s-138.24-61.901-138.24-138.24z"
        ],
        "attrs": [],
        "isMulticolor": false,
        "isMulticolor2": false,
        "tags": [
          "location"
        ],
        "grid": 20
      },
      "attrs": [],
      "properties": {
        "id": 211,
        "order": 13,
        "prevSize": 20,
        "name": "location"
      },
      "setIdx": 0,
      "setId": 2,
      "iconIdx": 210
    },
    {
      "icon": {
        "paths": [
          "M898.304 791.91l-193.485-193.485c29.184-47.872 45.978-104.192 45.978-164.352 0-174.95-151.603-326.502-326.554-326.502-174.95-0.051-316.723 141.773-316.723 316.723 0 174.899 151.603 326.502 326.502 326.502 58.214 0 112.64-15.821 159.488-43.213l194.509 194.611c19.046 18.995 49.92 18.995 68.915 0l48.282-48.282c18.995-18.995 12.083-43.008-6.912-62.003zM205.005 424.294c0-121.139 98.15-219.29 219.238-219.29 121.139 0 229.069 107.878 229.069 229.069 0 121.088-98.202 219.29-219.29 219.29-121.139-0.051-229.018-107.981-229.018-229.069z"
        ],
        "attrs": [],
        "isMulticolor": false,
        "isMulticolor2": false,
        "tags": [
          "magnifying-glass"
        ],
        "grid": 20
      },
      "attrs": [],
      "properties": {
        "id": 218,
        "order": 14,
        "prevSize": 20,
        "name": "magnifying-glass"
      },
      "setIdx": 0,
      "setId": 2,
      "iconIdx": 217
    },
    {
      "icon": {
        "paths": [
          "M995.686 190.362l-307.2-153.6c-14.387-7.219-31.386-7.219-45.824 0l-288.256 144.128-287.027-95.693c-15.667-5.222-32.768-2.611-46.131 7.066-13.363 9.626-21.248 25.088-21.248 41.523v665.651c0 19.405 10.957 37.12 28.314 45.773l307.2 153.6c7.219 3.584 15.053 5.427 22.886 5.427s15.718-1.792 22.886-5.427l288.256-144.077 287.027 95.693c15.616 5.12 32.768 2.509 46.131-7.117s21.248-25.088 21.248-41.472v-665.702c0.051-19.405-10.906-37.12-28.262-45.773zM409.6 267.827l204.8-102.4v602.266l-204.8 102.4v-602.266zM102.4 204.8l204.8 68.25v597.043l-204.8-102.4v-562.893zM921.6 830.822l-204.8-68.301v-597.094l204.8 102.4v562.995z"
        ],
        "attrs": [],
        "isMulticolor": false,
        "isMulticolor2": false,
        "tags": [
          "map"
        ],
        "grid": 20
      },
      "attrs": [],
      "properties": {
        "id": 221,
        "order": 15,
        "prevSize": 20,
        "name": "map"
      },
      "setIdx": 0,
      "setId": 2,
      "iconIdx": 220
    },
    {
      "icon": {
        "paths": [
          "M883.507 627.354c-4.915-34.15-31.283-60.774-65.229-68.71-131.942-30.925-165.018-106.906-170.598-191.181-23.398-4.352-65.024-9.062-135.68-9.062s-112.282 4.71-135.68 9.062c-5.581 84.275-38.656 160.256-170.598 191.181-33.946 7.987-60.314 34.56-65.229 68.71l-25.446 176.23c-8.96 62.054 36.608 118.016 99.994 118.016h593.92c63.334 0 108.954-55.962 99.994-118.016l-25.446-176.23zM512 793.19c-71.424 0-129.331-57.344-129.331-128s57.907-128 129.331-128 129.331 57.344 129.331 128-57.958 128-129.331 128zM1021.44 307.2c-1.229-76.8-196.71-204.749-509.44-204.8-312.781 0.051-508.262 128-509.44 204.8s1.075 176.742 129.792 160.102c150.579-19.507 141.312-72.090 141.312-147.251 0-52.429 122.47-65.075 238.336-65.075s238.285 12.646 238.336 65.075c0 75.162-9.267 127.744 141.312 147.251 128.666 16.64 130.97-83.302 129.792-160.102z"
        ],
        "attrs": [],
        "isMulticolor": false,
        "isMulticolor2": false,
        "tags": [
          "old-phone"
        ],
        "grid": 20
      },
      "attrs": [],
      "properties": {
        "id": 241,
        "order": 28,
        "prevSize": 20,
        "name": "old-phone"
      },
      "setIdx": 0,
      "setId": 2,
      "iconIdx": 240
    },
    {
      "icon": {
        "paths": [
          "M574.925 574.925c-81.050 80.998-174.95 158.515-212.070 121.395-53.094-53.094-85.862-99.379-203.008-5.222-117.094 94.106-27.136 156.877 24.32 208.282 59.392 59.392 280.781 3.174 499.61-215.603 218.778-218.829 274.842-440.218 215.398-499.61-51.456-51.507-113.92-141.414-208.026-24.32-94.157 117.094-47.923 149.862 5.274 203.008 36.966 37.12-40.499 131.021-121.498 212.070z"
        ],
        "attrs": [],
        "isMulticolor": false,
        "isMulticolor2": false,
        "tags": [
          "phone"
        ],
        "grid": 20
      },
      "attrs": [],
      "properties": {
        "id": 245,
        "order": 30,
        "prevSize": 20,
        "name": "phone"
      },
      "setIdx": 0,
      "setId": 2,
      "iconIdx": 244
    },
    {
      "icon": {
        "paths": [
          "M512 66.56l122.266 344.166h328.294l-267.878 202.138 95.795 354.714-278.477-212.685-278.426 212.685 95.744-354.714-267.93-202.138h328.294l122.317-344.166z"
        ],
        "attrs": [],
        "isMulticolor": false,
        "isMulticolor2": false,
        "tags": [
          "star"
        ],
        "grid": 20
      },
      "attrs": [],
      "properties": {
        "id": 286,
        "order": 17,
        "prevSize": 20,
        "name": "star"
      },
      "setIdx": 0,
      "setId": 2,
      "iconIdx": 285
    },
    {
      "icon": {
        "paths": [
          "M377.651 345.344c-22.886 14.080 61.286 217.19 81.818 250.266 17.92 29.133 55.962 37.99 84.89 20.173 29.082-18.022 38.144-56.013 20.224-84.992-20.326-33.178-164.096-199.578-186.931-185.446zM360.499 122.982c47.514-16.538 98.406-25.702 151.501-25.702s103.987 9.165 151.501 25.702c16.845 5.837 39.168-5.888 29.286-31.283-7.219-18.432-14.182-36.454-16.998-43.776-6.707-17.357-30.72-31.693-41.165-34.048-39.526-8.909-80.486-13.875-122.624-13.875s-83.098 4.966-122.675 13.875c-10.445 2.355-34.406 16.691-41.114 34.048-2.816 7.322-9.83 25.344-16.998 43.776-9.882 25.395 12.442 37.171 29.286 31.283zM977.818 163.123c-9.83-11.776-20.275-23.296-31.386-34.406-11.059-11.11-22.579-21.504-34.304-31.386-7.834-6.605-30.874-11.981-45.466 2.611-14.541 14.592-84.378 84.326-84.378 84.326 20.582 14.746 40.602 30.976 59.136 49.459s34.662 38.502 49.459 59.136c0 0 69.786-69.734 84.326-84.326 14.643-14.643 9.267-37.632 2.611-45.414zM512 148.48c-229.12 0-414.771 185.651-414.771 414.72 0 229.12 185.651 414.771 414.771 414.771 229.018 0 414.72-185.651 414.72-414.771 0-229.018-185.702-414.72-414.72-414.72zM512 875.571c-172.442 0-312.32-139.827-312.32-312.32s139.827-312.32 312.32-312.32c172.493 0 312.371 139.827 312.371 312.32 0 172.442-139.878 312.32-312.371 312.32z"
        ],
        "attrs": [],
        "isMulticolor": false,
        "isMulticolor2": false,
        "tags": [
          "stopwatch"
        ],
        "grid": 20
      },
      "attrs": [],
      "properties": {
        "id": 287,
        "order": 24,
        "prevSize": 20,
        "name": "stopwatch"
      },
      "setIdx": 0,
      "setId": 2,
      "iconIdx": 286
    },
    {
      "icon": {
        "paths": [
          "M818.637 979.405c0-114.995-111.974-173.517-221.030-220.518-108.698-46.797-143.411-86.221-143.411-170.701 0-50.637 33.178-34.15 47.718-127.027 6.144-38.502 35.43-0.614 41.062-88.525 0-35.021-16.026-43.725-16.026-43.725s8.141-51.866 11.315-91.802c3.277-41.83-20.378-131.072-117.811-158.464-16.998-17.459-28.518-45.158 23.91-72.909-114.688-5.325-141.363 54.682-202.445 98.816-51.968 38.707-65.997 99.994-63.488 132.608 3.328 39.936 11.418 91.802 11.418 91.802s-16.077 8.704-16.077 43.725c5.632 87.962 35.021 50.022 41.114 88.525 14.541 92.877 47.77 76.39 47.77 127.027 0 84.48-10.854 113.152-119.603 159.949-109.107 46.95-143.053 122.214-142.49 231.219 0.154 32.614-0.563 44.595-0.563 44.595h819.2c0 0-0.563-11.981-0.563-44.595zM948.634 684.288c-58.112-23.398-82.176-51.302-82.176-105.779 0-32.819 21.402-22.118 30.822-82.074 3.942-24.781 22.886-0.41 26.522-57.088 0-22.579-10.342-28.211-10.342-28.211s5.274-33.587 7.322-59.341c2.56-32.102-18.637-115.046-116.122-115.046-97.434 0-118.682 82.944-116.173 115.046 2.15 25.702 7.373 59.341 7.373 59.341s-10.342 5.581-10.342 28.211c3.635 56.678 22.579 32.307 26.522 57.088 9.421 60.006 30.822 49.306 30.822 82.074 0 54.477-22.426 79.974-92.621 110.182-3.533 1.485-6.144 3.482-9.37 5.222 83.968 36.454 216.371 99.379 247.706 227.686h135.424c0 0 0-97.587 0-118.682 0-51.2-13.978-93.901-75.366-118.63z"
        ],
        "attrs": [],
        "isMulticolor": false,
        "isMulticolor2": false,
        "tags": [
          "users"
        ],
        "grid": 20
      },
      "attrs": [],
      "properties": {
        "id": 312,
        "order": 31,
        "prevSize": 20,
        "name": "users"
      },
      "setIdx": 0,
      "setId": 2,
      "iconIdx": 311
    },
    {
      "icon": {
        "paths": [
          "M870.4 51.2h-716.8c-56.32 0-102.4 46.080-102.4 102.4v716.8c0 56.371 46.080 102.4 102.4 102.4h358.4v-358.4h-102.4v-126.72h102.4v-104.96c0-110.797 62.054-188.621 192.819-188.621l92.314 0.102v133.376h-61.286c-50.893 0-70.246 38.195-70.246 73.626v86.528h131.482l-29.082 126.669h-102.4v358.4h204.8c56.32 0 102.4-46.029 102.4-102.4v-716.8c0-56.32-46.080-102.4-102.4-102.4z"
        ],
        "attrs": [],
        "isMulticolor": false,
        "isMulticolor2": false,
        "tags": [
          "facebook"
        ],
        "grid": 20
      },
      "attrs": [],
      "properties": {
        "id": 360,
        "order": 21,
        "prevSize": 20,
        "name": "facebook"
      },
      "setIdx": 0,
      "setId": 2,
      "iconIdx": 359
    },
    {
      "icon": {
        "paths": [
          "M870.4 51.2h-716.8c-56.32 0-102.4 46.080-102.4 102.4v716.8c0 56.371 46.080 102.4 102.4 102.4h716.8c56.32 0 102.4-46.029 102.4-102.4v-716.8c0-56.32-46.080-102.4-102.4-102.4zM511.181 794.778c156.621 0 283.546-127.027 283.546-283.597 0-17.306-2.202-33.997-5.274-50.381h80.947v369.459c0 19.558-15.872 35.328-35.482 35.328h-645.837c-19.61-0-35.482-15.77-35.482-35.328v-369.459h79.309c-3.123 16.384-5.325 33.075-5.325 50.381 0 156.621 127.027 283.597 283.597 283.597zM333.978 511.181c0-97.894 79.36-177.203 177.254-177.203 97.843 0 177.254 79.309 177.254 177.203s-79.411 177.254-177.254 177.254c-97.946 0-177.254-79.36-177.254-177.254zM834.918 307.2h-82.688c-19.558 0-35.43-15.974-35.43-35.43v-82.79c0-19.558 15.872-35.379 35.379-35.379h82.688c19.661 0 35.533 15.821 35.533 35.379v82.739c0 19.507-15.872 35.482-35.482 35.482z"
        ],
        "attrs": [],
        "isMulticolor": false,
        "isMulticolor2": false,
        "tags": [
          "instagram"
        ],
        "grid": 20
      },
      "attrs": [],
      "properties": {
        "id": 368,
        "order": 23,
        "prevSize": 20,
        "name": "instagram"
      },
      "setIdx": 0,
      "setId": 2,
      "iconIdx": 367
    },
    {
      "icon": {
        "paths": [
          "M256 153.6c0 54.374-36.352 101.171-102.451 101.171-62.208 0-102.349-44.134-102.349-98.509 0-55.808 38.912-105.062 102.4-105.062s101.171 46.592 102.4 102.4zM51.2 972.8v-665.6h204.8v665.6h-204.8z",
          "M358.4 534.733c0-79.104-2.611-145.203-5.222-202.291h184.013l9.114 88.218h3.891c25.907-41.523 89.395-102.4 195.686-102.4 129.638 0 226.918 86.784 226.918 273.51v381.030h-204.8v-351.283c0-81.613-31.078-143.872-102.4-143.872-54.374 0-81.613 44.032-95.898 80.333-5.222 13.005-6.502 31.13-6.502 49.306v365.517h-204.8v-438.067z"
        ],
        "attrs": [
          {},
          {}
        ],
        "isMulticolor": false,
        "isMulticolor2": false,
        "tags": [
          "linkedin"
        ],
        "grid": 20
      },
      "attrs": [
        {},
        {}
      ],
      "properties": {
        "id": 372,
        "order": 22,
        "prevSize": 20,
        "name": "linkedin"
      },
      "setIdx": 0,
      "setId": 2,
      "iconIdx": 371
    },
    {
      "icon": {
        "paths": [
          "M886.579 319.795c0.41 8.294 0.563 16.691 0.563 24.986 0 255.488-194.406 549.99-549.888 549.99-109.21 0-210.739-32-296.294-86.886 15.155 1.792 30.515 2.714 46.080 2.714 90.624 0 173.926-30.925 240.026-82.688-84.531-1.587-155.955-57.395-180.531-134.195 11.776 2.202 23.91 3.379 36.352 3.379 17.664 0 34.765-2.304 50.944-6.707-88.422-17.818-155.034-95.898-155.034-189.594 0-0.819 0-1.587 0-2.406 26.061 14.49 55.91 23.194 87.552 24.218-51.866-34.714-86.016-93.798-86.016-160.922 0-35.379 9.523-68.608 26.214-97.178 95.283 116.992 237.773 193.894 398.387 201.984-3.277-14.182-4.966-28.877-4.966-44.083 0-106.701 86.477-193.178 193.229-193.178 55.603 0 105.83 23.398 141.107 60.979 43.981-8.704 85.35-24.781 122.726-46.899-14.438 45.107-45.107 82.995-84.992 106.906 39.117-4.71 76.288-15.002 111.002-30.413-25.907 38.81-58.675 72.806-96.461 99.994z"
        ],
        "attrs": [],
        "isMulticolor": false,
        "isMulticolor2": false,
        "tags": [
          "twitter"
        ],
        "grid": 20
      },
      "attrs": [],
      "properties": {
        "id": 381,
        "order": 20,
        "prevSize": 20,
        "name": "twitter"
      },
      "setIdx": 0,
      "setId": 2,
      "iconIdx": 380
    },
    {
      "icon": {
        "paths": [
          "M512 117.76c-503.194 0-512 44.749-512 394.24s8.806 394.24 512 394.24 512-44.749 512-394.24-8.806-394.24-512-394.24zM676.096 529.101l-229.888 107.315c-20.122 9.318-36.608-1.126-36.608-23.347v-202.138c0-22.17 16.486-32.666 36.608-23.347l229.888 107.315c20.122 9.421 20.122 24.781 0 34.202z"
        ],
        "attrs": [],
        "isMulticolor": false,
        "isMulticolor2": false,
        "tags": [
          "youtube"
        ],
        "grid": 20
      },
      "attrs": [],
      "properties": {
        "id": 385,
        "order": 18,
        "prevSize": 20,
        "name": "youtube"
      },
      "setIdx": 0,
      "setId": 2,
      "iconIdx": 384
    }
  ],
  "height": 1024,
  "preferences": {
    "showGlyphs": true,
    "showQuickUse": true,
    "showQuickUse2": true,
    "showSVGs": true,
    "fontPref": {
      "prefix": "icon-",
      "metadata": {
        "fontFamily": "icomoon"
      },
      "metrics": {
        "emSize": 1024,
        "baseline": 6.25,
        "whitespace": 50
      },
      "embed": false
    },
    "imagePref": {
      "prefix": "icon-",
      "png": false,
      "useClassSelector": true,
      "color": 0,
      "bgColor": 16777215,
      "classSelector": ".icon",
      "name": "icomoon",
      "height": 32,
      "columns": 16,
      "margin": 16
    },
    "historySize": 50,
    "showCodes": true,
    "gridSize": 16
  }
}